Model,Search_Enabled,Thinking_Budget,Vehicle,Size,Run_ID,Success,Model_Latency_ms,E2E_Latency_ms,Input_Tokens,Output_Tokens,Total_Tokens,Cost_USD,Error_Type,Generated_SKUs,Raw_Output
gemini-2.5-flash,True,2048,Volkswagen Golf,205/55 R16,0,True,24428,29003,141921,213,144181,0.043109,,VOLKSWAGENGOLF 20555R16 39948115 46382644 48318291 40395048 32108948 47660008 47417315 43892900 43512785 43458461 41914931 45425668 40024244 48318247 48318295 36135616 32294388 47126333 48629242 46447862,VOLKSWAGENGOLF 20555R16 39948115 46382644 48318291 40395048 32108948 47660008 47417315 43892900 43512785 43458461 41914931 45425668 40024244 48318247 48318295 36135616 32294388 47126333 48629242 46447862
gemini-2.5-flash,True,2048,Volkswagen Golf,205/55 R16,1,True,24837,29308,141921,195,144162,0.043064,,VOLKSWAGENGOLF 20555R16 39948115 46382644 48318291 40395048 32108948 47660008 47417315 43512785 40024244 44945493 37163882 39729008 43892900 43458461 48318247 41485416 47659951 43533610 45078598 45078595,VOLKSWAGENGOLF 20555R16 39948115 46382644 48318291 40395048 32108948 47660008 47417315 43512785 40024244 44945493 37163882 39729008 43892900 43458461 48318247 41485416 47659951 43533610 45078598 45078595
